<?xml version="1.0" encoding="utf-8"?>
<!--/18472642/1216038/2.50/3/2/Power Supply/-->
<quadcept_library>
  <setting unit="mil" />
  <textstyle name="Default" height="47.244094488189" strokewidth="7.8740157480315" charwidth="47.244094488189" />
  <textstyle name="Dimension" height="19.6850393700787" strokewidth="0" charwidth="19.6850393700787" />
  <textstyle name="H127W0635TH00762" height="50" strokewidth="3" charwidth="25" />
  <textstyle name="H15W15TH02" height="59.0551181102362" strokewidth="7.8740157480315" charwidth="59.0551181102362" />
  <padstyle name="c166.5_h111" surface="False" plated="True" isvia="False" nopaste="True" nomask="True" complex="False" holesize="43.700787401574">
    <padshape layer="TOP" shape="round" width="65.551181102361" height="65.551181102361" />
    <padshape layer="TOP_SOLDER_MASK" shape="round" width="73.425196850393" height="73.425196850393" />
    <padshape layer="INNER" shape="round" width="65.551181102361" height="65.551181102361" />
    <padshape layer="BOTTOM" shape="round" width="65.551181102361" height="65.551181102361" />
    <padshape layer="BOTTOM_SOLDER_MASK" shape="round" width="73.425196850393" height="73.425196850393" />
  </padstyle>
  <padstyle name="s166.5_h111" surface="False" plated="True" isvia="False" nopaste="True" nomask="True" complex="False" holesize="43.700787401574">
    <padshape layer="TOP" shape="square" width="65.551181102361" height="65.551181102361" />
    <padshape layer="TOP_SOLDER_MASK" shape="square" width="73.425196850393" height="73.425196850393" />
    <padshape layer="INNER" shape="square" width="65.551181102361" height="65.551181102361" />
    <padshape layer="BOTTOM" shape="square" width="65.551181102361" height="65.551181102361" />
    <padshape layer="BOTTOM_SOLDER_MASK" shape="square" width="73.425196850393" height="73.425196850393" />
  </padstyle>
  <footprint name="R78CK5005" originx="0" originy="0" pickpointx="0" pickpointy="0">
    <pcbpin number="1" name="1" style="s166.5_h111" originx="0" originy="0" rotation="90" />
    <pcbpin number="2" name="2" style="c166.5_h111" originx="99.999999999999" originy="0" rotation="90" />
    <pcbpin number="3" name="3" style="c166.5_h111" originx="200" originy="0" rotation="90" />
    <line layer="TOP_ASSEMBLY" originx="-126.3779527559" originy="-78.740157480314" endx="326.3779527559" endy="-78.740157480314" width="3.9370078740157" />
    <line layer="TOP_ASSEMBLY" originx="326.3779527559" originy="-78.740157480314" endx="326.3779527559" endy="218.50393700787" width="3.9370078740157" />
    <line layer="TOP_ASSEMBLY" originx="326.3779527559" originy="218.50393700787" endx="-126.3779527559" endy="218.50393700787" width="3.9370078740157" />
    <line layer="TOP_ASSEMBLY" originx="-126.3779527559" originy="218.50393700787" endx="-126.3779527559" endy="-78.740157480314" width="3.9370078740157" />
    <line layer="TOP_SILKSCREEN" originx="326.3779527559" originy="218.50393700787" endx="-126.3779527559" endy="218.50393700787" width="7.8740157480314" />
    <line layer="TOP_SILKSCREEN" originx="-126.3779527559" originy="218.50393700787" endx="-126.3779527559" endy="-78.740157480314" width="7.8740157480314" />
    <line layer="TOP_SILKSCREEN" originx="-126.3779527559" originy="-78.740157480314" endx="326.3779527559" endy="-78.740157480314" width="7.8740157480314" />
    <line layer="TOP_SILKSCREEN" originx="326.3779527559" originy="-78.740157480314" endx="326.3779527559" endy="218.50393700787" width="7.8740157480314" />
    <line layer="TOP_PLACE_BOUND" originx="-165.74803149606" originy="257.87401574803" endx="365.74803149606" endy="257.87401574803" width="3.9370078740157" />
    <line layer="TOP_PLACE_BOUND" originx="365.74803149606" originy="257.87401574803" endx="365.74803149606" endy="-118.11023622047" width="3.9370078740157" />
    <line layer="TOP_PLACE_BOUND" originx="365.74803149606" originy="-118.11023622047" endx="-165.74803149606" endy="-118.11023622047" width="3.9370078740157" />
    <line layer="TOP_PLACE_BOUND" originx="-165.74803149606" originy="-118.11023622047" endx="-165.74803149606" endy="257.87401574803" width="3.9370078740157" />
    <line layer="TOP_SILKSCREEN" originx="0" originy="-94.488188976377" endx="0" endy="-94.488188976377" width="3.9370078740157" />
    <arc layer="TOP_SILKSCREEN" originx="1.6391087961985E-15" originy="-96.456692913385" startangle="90.0" sweepangle="180.0" radius="1.9685039370079" width="3.9370078740157" />
    <line layer="TOP_SILKSCREEN" originx="0" originy="-98.425196850392" endx="0" endy="-98.425196850392" width="3.9370078740157" />
    <arc layer="TOP_SILKSCREEN" originx="1.6391087961985E-15" originy="-96.456692913385" startangle="-90.0" sweepangle="180.0" radius="1.9685039370079" width="3.9370078740157" />
  </footprint>
  <symbol name="R-78CK5.0-0.5" originx="0" originy="0">
    <line originx="200" originy="100" endx="800" endy="100" width="0" />
    <line originx="800" originy="-300" endx="800" endy="100" width="0" />
    <line originx="800" originy="-300" endx="200" endy="-300" width="0" />
    <line originx="200" originy="100" endx="200" endy="-300" width="0" />
    <sympin number="1" originx="200" originy="0" rotation="180" length="100" width="7.8740157480315" flipped="False">
      <text name="pinname" originx="230" originy="0" style="Default" rotation="0" justify="left" flipped="False" hidden="False" data="+VIN" />
      <text name="pindes" originx="140" originy="20" style="Default" rotation="0" justify="lowerright" flipped="False" hidden="False" data="1" />
    </sympin>
    <sympin number="2" originx="200" originy="-100" rotation="180" length="100" width="7.8740157480315" flipped="False">
      <text name="pinname" originx="230" originy="-100" style="Default" rotation="0" justify="left" flipped="False" hidden="False" data="GND" />
      <text name="pindes" originx="140" originy="-80" style="Default" rotation="0" justify="lowerright" flipped="False" hidden="False" data="2" />
    </sympin>
    <sympin number="3" originx="200" originy="-200" rotation="180" length="100" width="7.8740157480315" flipped="False">
      <text name="pinname" originx="230" originy="-200" style="Default" rotation="0" justify="left" flipped="False" hidden="False" data="+VOUT" />
      <text name="pindes" originx="140" originy="-180" style="Default" rotation="0" justify="lowerright" flipped="False" hidden="False" data="3" />
    </sympin>
  </symbol>
  <component name="R-78CK5.0-0.5" designatorprefix="PS" height="421.25984251968" footprint="R78CK5005">
    <comppin designator="1" sympin="1" pinswap="0" gateswap="0" gate="1" group="1" side="" type="Any" name="+VIN" />
    <comppin designator="2" sympin="2" pinswap="0" gateswap="0" gate="1" group="1" side="" type="Any" name="GND" />
    <comppin designator="3" sympin="3" pinswap="0" gateswap="0" gate="1" group="1" side="" type="Any" name="+VOUT" />
    <attached_symbol gate="1" name="R-78CK5.0-0.5" />
    <pinmap designator="1" footprintpin="1" />
    <pinmap designator="2" footprintpin="2" />
    <pinmap designator="3" footprintpin="3" />
    <text name="Datasheet" originx="0" originy="0" style="Default" rotation="0" justify="" flipped="False" hidden="True" data="https://recom-power.com/pdf/Innoline/R-78CK-0.5.pdf" />
    <text name="Description" originx="0" originy="0" style="Default" rotation="0" justify="" flipped="False" hidden="True" data="0.5A DC/DC-Converter 'INNOLINE' SIP3 reg" />
    <text name="Mouser Part Number" originx="0" originy="0" style="Default" rotation="0" justify="" flipped="False" hidden="True" data="" />
    <text name="Mouser Price/Stock" originx="0" originy="0" style="Default" rotation="0" justify="" flipped="False" hidden="True" data="" />
    <text name="Manufacturer_Name" originx="0" originy="0" style="Default" rotation="0" justify="" flipped="False" hidden="True" data="RECOM Power" />
    <text name="Manufacturer_Part_Number" originx="850" originy="200" style="Default" rotation="0" justify="left" flipped="False" hidden="False" data="R-78CK5.0-0.5" />
  </component>
</quadcept_library>
